,State,Type,Operation,Count
0,AN,delta,tested,1376
1,AN,delta,vaccinated1,3
2,AN,delta,vaccinated2,13
3,AN,delta21_14,confirmed,9
4,AN,delta7,confirmed,3
5,AN,delta7,recovered,5
6,AN,delta7,tested,8936
7,AN,delta7,vaccinated1,884
8,AN,delta7,vaccinated2,10640
9,AN,meta,date,10/31/2021
10,AN,meta,last_updated,2021-11-01T11:03:10+05:30
11,AN,meta,population,397000
12,AN,meta,tested,10/31/2021
13,AN,meta,tested,https://dhs.andaman.gov.in/NewEvents/851.pdf
14,AN,meta,vaccinated,10/31/2021
15,AN,total,confirmed,7651
16,AN,total,deceased,129
17,AN,total,recovered,7518
18,AN,total,tested,598033
19,AN,total,vaccinated1,294001
20,AN,total,vaccinated2,200157
21,AP,delta,confirmed,385
22,AP,delta,deceased,4
23,AP,delta,recovered,675
24,AP,delta,tested,39848
25,AP,delta,vaccinated1,20497
26,AP,delta,vaccinated2,24137
27,AP,delta21_14,confirmed,3220
28,AP,delta7,confirmed,2873
29,AP,delta7,deceased,30
30,AP,delta7,recovered,3590
31,AP,delta7,tested,254532
32,AP,delta7,vaccinated1,1223010
33,AP,delta7,vaccinated2,1887005
34,AP,meta,date,10/31/2021
35,AP,meta,last_updated,2021-11-01T09:54:14+05:30
36,AP,meta,population,52221000
37,AP,meta,tested,10/31/2021
38,AP,meta,tested,https://twitter.com/ArogyaAndhra/status/1454748197272711177
39,AP,meta,vaccinated,10/31/2021
40,AP,total,confirmed,2066450
41,AP,total,deceased,14373
42,AP,total,recovered,2047722
43,AP,total,tested,29518787
44,AP,total,vaccinated1,32976969
45,AP,total,vaccinated2,20375181
46,AR,delta,confirmed,1
47,AR,delta,recovered,9
48,AR,delta,tested,334
49,AR,delta,vaccinated1,42
50,AR,delta,vaccinated2,195
51,AR,delta21_14,confirmed,87
52,AR,delta7,confirmed,66
53,AR,delta7,recovered,97
54,AR,delta7,tested,4788
55,AR,delta7,vaccinated1,3312
56,AR,delta7,vaccinated2,23647
57,AR,meta,date,10/31/2021
58,AR,meta,last_updated,2021-11-01T11:20:24+05:30
59,AR,meta,notes,[July 25]: All numbers corresponding to Papum Pare and Captial Complex are tracked under Papum Pare district.
60,AR,meta,population,1504000
61,AR,meta,tested,10/31/2021
62,AR,meta,tested,https://twitter.com/DirHealth_ArPr/status/1454823191751233544?s=20
63,AR,meta,vaccinated,10/31/2021
64,AR,total,confirmed,55155
65,AR,total,deceased,280
66,AR,total,recovered,54774
67,AR,total,tested,1185436
68,AR,total,vaccinated1,771875
69,AR,total,vaccinated2,534486
70,AS,delta,confirmed,212
71,AS,delta,deceased,1
72,AS,delta,recovered,236
73,AS,delta,tested,15060
74,AS,delta,vaccinated1,19124
75,AS,delta,vaccinated2,37463
76,AS,delta21_14,confirmed,1499
77,AS,delta7,confirmed,2056
78,AS,delta7,deceased,24
79,AS,delta7,recovered,2215
80,AS,delta7,tested,269097
81,AS,delta7,vaccinated1,274869
82,AS,delta7,vaccinated2,849889
83,AS,meta,date,10/31/2021
84,AS,meta,last_updated,2021-11-01T09:54:14+05:30
85,AS,meta,notes,[Jan 1]: 1347 cases i.e Covid +'tive patients dead for other reasons have been deducted fom active count.
86,AS,meta,population,34293000
87,AS,meta,tested,10/31/2021
88,AS,meta,tested,https://twitter.com/nhm_assam/status/1454837285032103940?s=20
89,AS,meta,vaccinated,10/31/2021
90,AS,total,confirmed,610645
91,AS,total,deceased,5997
92,AS,total,other,1347
93,AS,total,recovered,600974
94,AS,total,tested,24712042
95,AS,total,vaccinated1,20172463
96,AS,total,vaccinated2,8068795
97,BR,delta,confirmed,8
98,BR,delta,recovered,9
99,BR,delta,tested,226443
100,BR,delta,vaccinated1,114694
101,BR,delta,vaccinated2,145827
102,BR,delta21_14,confirmed,30
103,BR,delta7,confirmed,40
104,BR,delta7,recovered,31
105,BR,delta7,tested,1378539
106,BR,delta7,vaccinated1,1286708
107,BR,delta7,vaccinated2,2144970
108,BR,meta,date,10/31/2021
109,BR,meta,last_updated,2021-11-01T09:54:14+05:30
110,BR,meta,notes,[June 9] : 3951 deceased cases have been reported in the bulletin after reconciliation of records by the authorities
111,BR,meta,population,119520000
112,BR,meta,tested,10/31/2021
113,BR,meta,tested,https://twitter.com/BiharHealthDept/status/1454805874447290369?s=20
114,BR,meta,vaccinated,10/31/2021
115,BR,total,confirmed,726098
116,BR,total,deceased,9661
117,BR,total,other,1
118,BR,total,recovered,716390
119,BR,total,tested,50531824
120,BR,total,vaccinated1,49874828
121,BR,total,vaccinated2,18346781
122,CH,delta,confirmed,5
123,CH,delta,recovered,3
124,CH,delta,tested,1403
125,CH,delta,vaccinated1,211
126,CH,delta,vaccinated2,1282
127,CH,delta21_14,confirmed,23
128,CH,delta7,confirmed,28
129,CH,delta7,recovered,20
130,CH,delta7,tested,10726
131,CH,delta7,vaccinated1,3680
132,CH,delta7,vaccinated2,21641
133,CH,meta,date,10/31/2021
134,CH,meta,last_updated,2021-11-01T09:54:14+05:30
135,CH,meta,population,1179000
136,CH,meta,tested,10/31/2021
137,CH,meta,tested,https://t.me/Covid19india_Auxiliary_Test_Data/11877
138,CH,meta,vaccinated,10/31/2021
139,CH,total,confirmed,65351
140,CH,total,deceased,820
141,CH,total,recovered,64495
142,CH,total,tested,792851
143,CH,total,vaccinated1,926035
144,CH,total,vaccinated2,546981
145,CT,delta,confirmed,32
146,CT,delta,deceased,1
147,CT,delta,recovered,32
148,CT,delta,tested,11869
149,CT,delta,vaccinated1,21312
150,CT,delta,vaccinated2,39393
151,CT,delta21_14,confirmed,124
152,CT,delta7,confirmed,205
153,CT,delta7,deceased,5
154,CT,delta7,recovered,103
155,CT,delta7,tested,147451
156,CT,delta7,vaccinated1,379374
157,CT,delta7,vaccinated2,604260
158,CT,meta,date,10/31/2021
159,CT,meta,last_updated,2021-11-01T09:54:14+05:30
160,CT,meta,population,28724000
161,CT,meta,tested,10/31/2021
162,CT,meta,tested,https://twitter.com/HealthCgGov/status/1454835690198298624?s=20
163,CT,meta,vaccinated,10/31/2021
164,CT,total,confirmed,1006052
165,CT,total,deceased,13577
166,CT,total,recovered,992159
167,CT,total,tested,13709510
168,CT,total,vaccinated1,14851682
169,CT,total,vaccinated2,7343273
170,DL,delta,confirmed,45
171,DL,delta,recovered,46
172,DL,delta,tested,56751
173,DL,delta,vaccinated1,12482
174,DL,delta,vaccinated2,11839
175,DL,delta21_14,confirmed,195
176,DL,delta7,confirmed,267
177,DL,delta7,recovered,239
178,DL,delta7,tested,395086
179,DL,delta7,vaccinated1,160323
180,DL,delta7,vaccinated2,269146
181,DL,meta,date,10/31/2021
182,DL,meta,last_updated,2021-11-01T09:54:14+05:30
183,DL,meta,notes,"[July 14]: Value for the total tests conducted has been reduced by 97008 in the state bulletin. Reason given : ""Reconciled with ICMR figures"". We have made the same change."
184,DL,meta,population,19814000
185,DL,meta,tested,10/31/2021
186,DL,meta,tested,https://t.me/Covid19india_Auxiliary_Test_Data/11885
187,DL,meta,vaccinated,10/31/2021
188,DL,total,confirmed,1439870
189,DL,total,deceased,25091
190,DL,total,recovered,1414431
191,DL,total,tested,29427753
192,DL,total,vaccinated1,13055636
193,DL,total,vaccinated2,7425404
194,DN,delta,recovered,1
195,DN,delta,vaccinated1,3
196,DN,delta,vaccinated2,20
197,DN,delta21_14,confirmed,4
198,DN,delta7,recovered,2
199,DN,delta7,vaccinated1,2802
200,DN,delta7,vaccinated2,14244
201,DN,meta,date,10/31/2021
202,DN,meta,last_updated,2021-11-01T09:54:14+05:30
203,DN,meta,population,959000
204,DN,meta,tested,10/20/2020
205,DN,meta,tested,https://dddcovid19.in/uploads/report/BulletinDNHDD20102020.pdf
206,DN,meta,vaccinated,10/31/2021
207,DN,total,confirmed,10681
208,DN,total,deceased,4
209,DN,total,other,31
210,DN,total,recovered,10644
211,DN,total,tested,72410
212,DN,total,vaccinated1,660753
213,DN,total,vaccinated2,370255
214,GA,delta,confirmed,23
215,GA,delta,recovered,53
216,GA,delta,tested,2361
217,GA,delta,vaccinated1,2572
218,GA,delta,vaccinated2,12404
219,GA,delta21_14,confirmed,409
220,GA,delta7,confirmed,222
221,GA,delta7,deceased,6
222,GA,delta7,recovered,409
223,GA,delta7,tested,19026
224,GA,delta7,vaccinated1,8418
225,GA,delta7,vaccinated2,46494
226,GA,meta,date,10/31/2021
227,GA,meta,last_updated,2021-11-01T09:54:14+05:30
228,GA,meta,population,1540000
229,GA,meta,tested,10/31/2021
230,GA,meta,tested,https://www.goa.gov.in/wp-content/uploads/2021/10/Media-Bulletin-31st-October-2021.pdf
231,GA,meta,vaccinated,10/31/2021
232,GA,total,confirmed,178108
233,GA,total,deceased,3364
234,GA,total,recovered,174392
235,GA,total,tested,1468399
236,GA,total,vaccinated1,1262568
237,GA,total,vaccinated2,911114
238,GJ,delta,confirmed,20
239,GJ,delta,recovered,23
240,GJ,delta,tested,34282
241,GJ,delta,vaccinated1,14685
242,GJ,delta,vaccinated2,62096
243,GJ,delta21_14,confirmed,149
244,GJ,delta7,confirmed,159
245,GJ,delta7,deceased,2
246,GJ,delta7,recovered,116
247,GJ,delta7,tested,328489
248,GJ,delta7,vaccinated1,335172
249,GJ,delta7,vaccinated2,1660382
250,GJ,meta,date,10/31/2021
251,GJ,meta,last_updated,2021-11-01T09:54:14+05:30
252,GJ,meta,population,67936000
253,GJ,meta,tested,10/31/2021
254,GJ,meta,tested,https://t.me/Covid19india_Auxiliary_Test_Data/11879
255,GJ,meta,vaccinated,10/31/2021
256,GJ,total,confirmed,826577
257,GJ,total,deceased,10089
258,GJ,total,recovered,816283
259,GJ,total,tested,30928063
260,GJ,total,vaccinated1,44735217
261,GJ,total,vaccinated2,25972387
262,HP,delta,confirmed,85
263,HP,delta,deceased,1
264,HP,delta,recovered,198
265,HP,delta,tested,3613
266,HP,delta,vaccinated1,371
267,HP,delta,vaccinated2,8192
268,HP,delta21_14,confirmed,958
269,HP,delta7,confirmed,1537
270,HP,delta7,deceased,20
271,HP,delta7,other,-1
272,HP,delta7,recovered,1154
273,HP,delta7,tested,64352
274,HP,delta7,vaccinated1,13244
275,HP,delta7,vaccinated2,234011
276,HP,meta,date,10/31/2021
277,HP,meta,last_updated,2021-11-01T09:54:14+05:30
278,HP,meta,population,7300000
279,HP,meta,tested,10/31/2021
280,HP,meta,tested,https://twitter.com/nhm_hp/status/1454810267364200449?s=20
281,HP,meta,vaccinated,10/31/2021
282,HP,total,confirmed,224106
283,HP,total,deceased,3738
284,HP,total,other,16
285,HP,total,recovered,218410
286,HP,total,tested,3685011
287,HP,total,vaccinated1,5713695
288,HP,total,vaccinated2,3443823
289,HR,delta,confirmed,11
290,HR,delta,recovered,10
291,HR,delta,tested,20588
292,HR,delta,vaccinated1,7867
293,HR,delta,vaccinated2,15801
294,HR,delta21_14,confirmed,83
295,HR,delta7,confirmed,95
296,HR,delta7,recovered,87
297,HR,delta7,tested,148110
298,HR,delta7,vaccinated1,160777
299,HR,delta7,vaccinated2,368141
300,HR,meta,date,10/31/2021
301,HR,meta,last_updated,2021-11-01T09:54:14+05:30
302,HR,meta,population,28672000
303,HR,meta,tested,10/31/2021
304,HR,meta,tested,http://www.nhmharyana.gov.in/WriteReadData/userfiles/file/CoronaVirus/Daily%20Bulletin%20of%20COVID%2019%20as%20on%2031-10-2021.pdf
305,HR,meta,vaccinated,10/31/2021
306,HR,total,confirmed,771252
307,HR,total,deceased,10049
308,HR,total,recovered,761068
309,HR,total,tested,13032504
310,HR,total,vaccinated1,17772376
311,HR,total,vaccinated2,8115463
312,JH,delta,confirmed,10
313,JH,delta,recovered,8
314,JH,delta,tested,31238
315,JH,delta,vaccinated1,41034
316,JH,delta,vaccinated2,51488
317,JH,delta21_14,confirmed,78
318,JH,delta7,confirmed,137
319,JH,delta7,deceased,3
320,JH,delta7,recovered,250
321,JH,delta7,tested,464579
322,JH,delta7,vaccinated1,299587
323,JH,delta7,vaccinated2,428313
324,JH,meta,date,10/31/2021
325,JH,meta,last_updated,2021-11-01T09:54:14+05:30
326,JH,meta,population,37403000
327,JH,meta,tested,10/31/2021
328,JH,meta,tested,https://t.me/Covid19india_Auxiliary_Test_Data/11884
329,JH,meta,vaccinated,10/31/2021
330,JH,total,confirmed,348764
331,JH,total,deceased,5138
332,JH,total,recovered,343518
333,JH,total,tested,15985878
334,JH,total,vaccinated1,14986646
335,JH,total,vaccinated2,5585648
336,JK,delta,confirmed,95
337,JK,delta,recovered,79
338,JK,delta,tested,38915
339,JK,delta,vaccinated1,1584
340,JK,delta,vaccinated2,45202
341,JK,delta21_14,confirmed,529
342,JK,delta7,confirmed,611
343,JK,delta7,deceased,3
344,JK,delta7,recovered,572
345,JK,delta7,tested,254608
346,JK,delta7,vaccinated1,33383
347,JK,delta7,vaccinated2,414843
348,JK,meta,date,10/31/2021
349,JK,meta,last_updated,2021-11-01T09:54:14+05:30
350,JK,meta,population,13203000
351,JK,meta,tested,10/31/2021
352,JK,meta,tested,https://twitter.com/diprjk/status/1454804735307894787?s=20
353,JK,meta,vaccinated,10/31/2021
354,JK,total,confirmed,332249
355,JK,total,deceased,4432
356,JK,total,recovered,326915
357,JK,total,tested,16202346
358,JK,total,vaccinated1,9511073
359,JK,total,vaccinated2,5149471
360,KA,delta,confirmed,292
361,KA,delta,deceased,11
362,KA,delta,recovered,345
363,KA,delta,tested,106939
364,KA,delta,vaccinated1,17604
365,KA,delta,vaccinated2,28163
366,KA,delta21_14,confirmed,2432
367,KA,delta7,confirmed,2347
368,KA,delta7,deceased,75
369,KA,delta7,recovered,2339
370,KA,delta7,tested,724215
371,KA,delta7,vaccinated1,623591
372,KA,delta7,vaccinated2,1373861
373,KA,meta,date,10/31/2021
374,KA,meta,last_updated,2021-11-01T09:54:14+05:30
375,KA,meta,population,65798000
376,KA,meta,tested,10/31/2021
377,KA,meta,tested,https://t.co/pjWOnWUs3q?amp=1
378,KA,meta,vaccinated,10/31/2021
379,KA,total,confirmed,2988333
380,KA,total,deceased,38082
381,KA,total,other,29
382,KA,total,recovered,2941578
383,KA,total,tested,50873103
384,KA,total,vaccinated1,42497761
385,KA,total,vaccinated2,22858384
386,KL,delta,confirmed,7167
387,KL,delta,deceased,167
388,KL,delta,recovered,6439
389,KL,delta,tested,65158
390,KL,delta,vaccinated1,2010
391,KL,delta,vaccinated2,11914
392,KL,delta21_14,confirmed,59521
393,KL,delta7,confirmed,53326
394,KL,delta7,deceased,3089
395,KL,delta7,recovered,48406
396,KL,delta7,tested,506604
397,KL,delta7,vaccinated1,109805
398,KL,delta7,vaccinated2,792534
399,KL,meta,date,10/31/2021
400,KL,meta,last_updated,2021-11-01T09:54:14+05:30
401,KL,meta,population,35125000
402,KL,meta,tested,10/31/2021
403,KL,meta,tested,https://dhs.kerala.gov.in/wp-content/uploads/2021/10/Bulletin-HFWD-English-October-31.pdf
404,KL,meta,vaccinated,10/31/2021
405,KL,total,confirmed,4968657
406,KL,total,deceased,31681
407,KL,total,other,529
408,KL,total,recovered,4857181
409,KL,total,tested,37886378
410,KL,total,vaccinated1,25306499
411,KL,total,vaccinated2,13658343
412,LA,delta,confirmed,11
413,LA,delta,recovered,9
414,LA,delta,tested,388
415,LA,delta,vaccinated2,2
416,LA,delta21_14,confirmed,26
417,LA,delta7,confirmed,58
418,LA,delta7,recovered,28
419,LA,delta7,tested,2475
420,LA,delta7,vaccinated1,525
421,LA,delta7,vaccinated2,1532
422,LA,meta,date,10/31/2021
423,LA,meta,last_updated,2021-11-01T09:54:14+05:30
424,LA,meta,population,293000
425,LA,meta,tested,10/31/2021
426,LA,meta,tested,https://twitter.com/prasarbharti/status/1454872140436541444
427,LA,meta,vaccinated,10/31/2021
428,LA,total,confirmed,20962
429,LA,total,deceased,208
430,LA,total,recovered,20687
431,LA,total,tested,555568
432,LA,total,vaccinated1,208798
433,LA,total,vaccinated2,152280
434,LD,delta,tested,31
435,LD,delta,vaccinated2,4
436,LD,delta7,tested,1625
437,LD,delta7,vaccinated1,69
438,LD,delta7,vaccinated2,796
439,LD,meta,date,10/31/2021
440,LD,meta,last_updated,2021-11-01T11:03:10+05:30
441,LD,meta,population,68000
442,LD,meta,tested,10/31/2021
443,LD,meta,tested,https://t.me/Covid19india_Auxiliary_Test_Data/11888
444,LD,meta,vaccinated,10/31/2021
445,LD,total,confirmed,10365
446,LD,total,deceased,51
447,LD,total,other,44
448,LD,total,recovered,10270
449,LD,total,tested,263541
450,LD,total,vaccinated1,55129
451,LD,total,vaccinated2,45951
452,MH,delta,confirmed,1172
453,MH,delta,deceased,20
454,MH,delta,recovered,1399
455,MH,delta,tested,108040
456,MH,delta,vaccinated1,53161
457,MH,delta,vaccinated2,31988
458,MH,delta21_14,confirmed,13825
459,MH,delta7,confirmed,8117
460,MH,delta7,deceased,200
461,MH,delta7,other,7
462,MH,delta7,recovered,15146
463,MH,delta7,tested,773516
464,MH,delta7,vaccinated1,1611778
465,MH,delta7,vaccinated2,1282938
466,MH,meta,date,10/31/2021
467,MH,meta,last_updated,2021-11-01T09:54:14+05:30
468,MH,meta,notes,"[Dec 16]:10,218 duplicate cases & other state cases removed from total cases.791 recovered cases also removed from total recovered cases while reconciling 
[Sep 9] :239 cases have been removed from the hospitalized figures owing to the removal of duplicates and change of addresses as per the original residence
[Aug 15] : MH bulletin has reduced 819 confirmed cases in Mumbai and 72 confirmed cases from 'Other States' from the tally
[Jun 16] : 1328 deceased cases have been retroactively added to MH bulletin.
[Jun 20] : 69 deceased cases have been reduced based on state bulletin.
[Sep 9 2021]: 15066 positive cases and 15793 discharged cases have been reduced from state total based on reconciliation (as mentioned in the bulletin)"
469,MH,meta,population,122153000
470,MH,meta,tested,10/31/2021
471,MH,meta,tested,https://twitter.com/PIBMumbai/status/1454819081123598345
472,MH,meta,vaccinated,10/31/2021
473,MH,total,confirmed,6611078
474,MH,total,deceased,140216
475,MH,total,other,3619
476,MH,total,recovered,6450585
477,MH,total,tested,62667211
478,MH,total,vaccinated1,67198794
479,MH,total,vaccinated2,30975692
480,ML,delta,confirmed,22
481,ML,delta,deceased,1
482,ML,delta,recovered,51
483,ML,delta,tested,1559
484,ML,delta,vaccinated1,38
485,ML,delta,vaccinated2,203
486,ML,delta21_14,confirmed,530
487,ML,delta7,confirmed,256
488,ML,delta7,deceased,4
489,ML,delta7,recovered,460
490,ML,delta7,tested,13944
491,ML,delta7,vaccinated1,7871
492,ML,delta7,vaccinated2,41927
493,ML,meta,date,10/31/2021
494,ML,meta,last_updated,2021-11-01T09:54:14+05:30
495,ML,meta,population,3224000
496,ML,meta,tested,10/31/2021
497,ML,meta,tested,https://t.me/Covid19india_Auxiliary_Test_Data/11881
498,ML,meta,vaccinated,10/31/2021
499,ML,total,confirmed,83627
500,ML,total,deceased,1450
501,ML,total,recovered,81746
502,ML,total,tested,1151665
503,ML,total,vaccinated1,1103275
504,ML,total,vaccinated2,641819
505,MN,delta,confirmed,63
506,MN,delta,deceased,1
507,MN,delta,recovered,62
508,MN,delta,tested,1689
509,MN,delta,vaccinated1,705
510,MN,delta,vaccinated2,4283
511,MN,delta21_14,confirmed,734
512,MN,delta7,confirmed,439
513,MN,delta7,deceased,10
514,MN,delta7,recovered,652
515,MN,delta7,tested,12787
516,MN,delta7,vaccinated1,7665
517,MN,delta7,vaccinated2,71276
518,MN,meta,date,10/31/2021
519,MN,meta,last_updated,2021-11-01T09:54:14+05:30
520,MN,meta,notes,[Dec 14]:824 out of 980 recovered cases are backdated.
521,MN,meta,population,3103000
522,MN,meta,tested,10/31/2021
523,MN,meta,tested,https://nrhmmanipur.org/?p=8037
524,MN,meta,vaccinated,10/31/2021
525,MN,total,confirmed,123731
526,MN,total,deceased,1921
527,MN,total,recovered,121102
528,MN,total,tested,1367673
529,MN,total,vaccinated1,1249436
530,MN,total,vaccinated2,719413
531,MP,delta,confirmed,16
532,MP,delta,recovered,8
533,MP,delta,tested,55368
534,MP,delta,vaccinated1,5713
535,MP,delta,vaccinated2,77062
536,MP,delta21_14,confirmed,63
537,MP,delta7,confirmed,105
538,MP,delta7,deceased,1
539,MP,delta7,recovered,74
540,MP,delta7,tested,393209
541,MP,delta7,vaccinated1,148817
542,MP,delta7,vaccinated2,2034460
543,MP,meta,date,10/31/2021
544,MP,meta,last_updated,2021-11-01T09:54:14+05:30
545,MP,meta,notes,"[14 Oct'20]: 4469 confirmed cases and 4469 recoveries added in MP bulletin as reconciliation with private labs and hospitals
[12 July'21] :1478 deceased cases have been added after reconciliation of deceased cases records from Home Isolation(208), Private Hospitals(762) and other districts data (508)"
546,MP,meta,population,82232000
547,MP,meta,tested,10/31/2021
548,MP,meta,tested,https://twitter.com/healthminmp/status/1454818706534514697
549,MP,meta,vaccinated,10/31/2021
550,MP,total,confirmed,792854
551,MP,total,deceased,10524
552,MP,total,recovered,782215
553,MP,total,tested,20294225
554,MP,total,vaccinated1,49911938
555,MP,total,vaccinated2,20838045
556,MZ,delta,confirmed,579
557,MZ,delta,deceased,2
558,MZ,delta,recovered,610
559,MZ,delta,tested,5945
560,MZ,delta,vaccinated1,10
561,MZ,delta,vaccinated2,51
562,MZ,delta21_14,confirmed,6770
563,MZ,delta7,confirmed,4098
564,MZ,delta7,deceased,21
565,MZ,delta7,recovered,5685
566,MZ,delta7,tested,42841
567,MZ,delta7,vaccinated1,4302
568,MZ,delta7,vaccinated2,11262
569,MZ,meta,date,10/31/2021
570,MZ,meta,last_updated,2021-11-01T09:54:14+05:30
571,MZ,meta,population,1192000
572,MZ,meta,tested,10/31/2021
573,MZ,meta,tested,https://dipr.mizoram.gov.in/post/covid-19-positive-thar-579-hmuhchhuah-a-ni
574,MZ,meta,vaccinated,10/31/2021
575,MZ,total,confirmed,121359
576,MZ,total,deceased,432
577,MZ,total,recovered,114612
578,MZ,total,tested,1298444
579,MZ,total,vaccinated1,711597
580,MZ,total,vaccinated2,512029
581,NL,delta,confirmed,11
582,NL,delta,deceased,1
583,NL,delta,other,1
584,NL,delta,recovered,21
585,NL,delta,tested,468
586,NL,delta,vaccinated1,193
587,NL,delta,vaccinated2,822
588,NL,delta21_14,confirmed,162
589,NL,delta7,confirmed,130
590,NL,delta7,deceased,6
591,NL,delta7,other,13
592,NL,delta7,recovered,144
593,NL,delta7,tested,4606
594,NL,delta7,vaccinated1,4706
595,NL,delta7,vaccinated2,23628
596,NL,meta,date,10/31/2021
597,NL,meta,last_updated,2021-11-01T09:54:14+05:30
598,NL,meta,population,2150000
599,NL,meta,tested,10/31/2021
600,NL,meta,tested,https://twitter.com/MyGovNagaland/status/1454788808122138641
601,NL,meta,vaccinated,10/31/2021
602,NL,total,confirmed,31842
603,NL,total,deceased,685
604,NL,total,other,1043
605,NL,total,recovered,29904
606,NL,total,tested,395416
607,NL,total,vaccinated1,709553
608,NL,total,vaccinated2,490663
609,OR,delta,confirmed,488
610,OR,delta,deceased,4
611,OR,delta,recovered,450
612,OR,delta,tested,69675
613,OR,delta,vaccinated1,21420
614,OR,delta,vaccinated2,25651
615,OR,delta21_14,confirmed,3381
616,OR,delta7,confirmed,3046
617,OR,delta7,deceased,24
618,OR,delta7,recovered,3230
619,OR,delta7,tested,473919
620,OR,delta7,vaccinated1,731837
621,OR,delta7,vaccinated2,917236
622,OR,meta,date,10/31/2021
623,OR,meta,last_updated,2021-11-01T09:54:14+05:30
624,OR,meta,notes,[July 12th] :20 non-covid deaths reported in state dashboard are included in the deceased count
625,OR,meta,population,43671000
626,OR,meta,tested,10/31/2021
627,OR,meta,tested,https://t.me/Covid19india_Auxiliary_Test_Data/11880
628,OR,meta,vaccinated,10/31/2021
629,OR,total,confirmed,1041457
630,OR,total,deceased,8386
631,OR,total,recovered,1029147
632,OR,total,tested,21994343
633,OR,total,vaccinated1,25736641
634,OR,total,vaccinated2,11560912
635,PB,delta,confirmed,26
636,PB,delta,deceased,1
637,PB,delta,recovered,25
638,PB,delta,tested,34152
639,PB,delta,vaccinated1,3321
640,PB,delta,vaccinated2,4418
641,PB,delta21_14,confirmed,159
642,PB,delta7,confirmed,192
643,PB,delta7,deceased,8
644,PB,delta7,recovered,162
645,PB,delta7,tested,221114
646,PB,delta7,vaccinated1,200182
647,PB,delta7,vaccinated2,223256
648,PB,meta,date,10/31/2021
649,PB,meta,last_updated,2021-11-01T09:54:14+05:30
650,PB,meta,population,29859000
651,PB,meta,tested,10/31/2021
652,PB,meta,tested,https://t.me/Covid19india_Auxiliary_Test_Data/11874
653,PB,meta,vaccinated,10/31/2021
654,PB,total,confirmed,602401
655,PB,total,deceased,16559
656,PB,total,recovered,585591
657,PB,total,tested,15429415
658,PB,total,vaccinated1,15942714
659,PB,total,vaccinated2,6238973
660,PY,delta,confirmed,38
661,PY,delta,recovered,45
662,PY,delta,tested,2662
663,PY,delta,vaccinated1,171
664,PY,delta,vaccinated2,532
665,PY,delta21_14,confirmed,343
666,PY,delta7,confirmed,278
667,PY,delta7,recovered,315
668,PY,delta7,tested,21095
669,PY,delta7,vaccinated1,8324
670,PY,delta7,vaccinated2,20073
671,PY,meta,date,10/31/2021
672,PY,meta,last_updated,2021-11-01T09:54:14+05:30
673,PY,meta,population,1504000
674,PY,meta,tested,10/31/2021
675,PY,meta,tested,https://t.me/Covid19india_Auxiliary_Test_Data/11866
676,PY,meta,vaccinated,10/31/2021
677,PY,total,confirmed,128013
678,PY,total,deceased,1857
679,PY,total,recovered,125726
680,PY,total,tested,1919060
681,PY,total,vaccinated1,733922
682,PY,total,vaccinated2,404355
683,RJ,delta,confirmed,2
684,RJ,delta,recovered,2
685,RJ,delta,tested,13454
686,RJ,delta,vaccinated1,9399
687,RJ,delta,vaccinated2,29672
688,RJ,delta21_14,confirmed,31
689,RJ,delta7,confirmed,27
690,RJ,delta7,recovered,26
691,RJ,delta7,tested,95132
692,RJ,delta7,vaccinated1,271500
693,RJ,delta7,vaccinated2,864947
694,RJ,meta,date,10/31/2021
695,RJ,meta,last_updated,2021-11-01T09:54:14+05:30
696,RJ,meta,population,77264000
697,RJ,meta,tested,10/31/2021
698,RJ,meta,tested,https://t.me/Covid19india_Auxiliary_Test_Data/11883
699,RJ,meta,vaccinated,10/31/2021
700,RJ,total,confirmed,954429
701,RJ,total,deceased,8954
702,RJ,total,recovered,945443
703,RJ,total,tested,14807752
704,RJ,total,vaccinated1,42544909
705,RJ,total,vaccinated2,20097635
706,SK,delta,confirmed,21
707,SK,delta,deceased,1
708,SK,delta,recovered,8
709,SK,delta,tested,389
710,SK,delta21_14,confirmed,82
711,SK,delta7,confirmed,79
712,SK,delta7,deceased,2
713,SK,delta7,other,6
714,SK,delta7,recovered,76
715,SK,delta7,tested,2847
716,SK,delta7,vaccinated1,782
717,SK,delta7,vaccinated2,14044
718,SK,meta,date,10/31/2021
719,SK,meta,last_updated,2021-10-31T20:49:45+05:30
720,SK,meta,population,664000
721,SK,meta,tested,10/31/2021
722,SK,meta,tested,https://t.me/Covid19india_Auxiliary_Test_Data/11867
723,SK,meta,vaccinated,10/31/2021
724,SK,total,confirmed,31979
725,SK,total,deceased,396
726,SK,total,other,325
727,SK,total,recovered,31063
728,SK,total,tested,261343
729,SK,total,vaccinated1,521763
730,SK,total,vaccinated2,451509
731,TG,delta,confirmed,121
732,TG,delta,deceased,1
733,TG,delta,recovered,183
734,TG,delta,tested,25021
735,TG,delta,vaccinated1,38781
736,TG,delta,vaccinated2,26738
737,TG,delta21_14,confirmed,1068
738,TG,delta7,confirmed,1189
739,TG,delta7,deceased,9
740,TG,delta7,recovered,1121
741,TG,delta7,tested,261086
742,TG,delta7,vaccinated1,1072389
743,TG,delta7,vaccinated2,961422
744,TG,meta,date,10/31/2021
745,TG,meta,last_updated,2021-11-01T09:54:14+05:30
746,TG,meta,notes,"[July 27] : Telangana bulletin for the previous day is released on the next day. We will add the cases for Telangana against the date of release, as that is the convention that we are following for other states."
747,TG,meta,population,37220000
748,TG,meta,tested,10/31/2021
749,TG,meta,tested,https://twitter.com/IPRTelangana/status/1454809941366083585
750,TG,meta,vaccinated,10/31/2021
751,TG,total,confirmed,671463
752,TG,total,deceased,3956
753,TG,total,recovered,663498
754,TG,total,tested,27569831
755,TG,total,vaccinated1,22498559
756,TG,total,vaccinated2,9772398
757,TN,delta,confirmed,1009
758,TN,delta,deceased,19
759,TN,delta,recovered,1183
760,TN,delta,tested,123701
761,TN,delta,vaccinated1,77325
762,TN,delta,vaccinated2,106584
763,TN,delta21_14,confirmed,8827
764,TN,delta7,confirmed,7407
765,TN,delta7,deceased,97
766,TN,delta7,recovered,8852
767,TN,delta7,tested,858304
768,TN,delta7,vaccinated1,788134
769,TN,delta7,vaccinated2,1578082
770,TN,meta,date,10/31/2021
771,TN,meta,last_updated,2021-11-01T09:54:14+05:30
772,TN,meta,notes,"[June 29 2021]: TN has introduced a new district ""Mayiladuthurai"" in the bulletin and has assigned cases from Nagapattinam to the new district.
[July 22]: 444 backdated deceased entries added to Chennai in TN bulletin.
2 deaths cross notified to other states from Chennai and Coimbatore.
1 patient died after turning negative for infection in Chengalpattu.
These cases have been added to TN deceased tally"
773,TN,meta,population,75695000
774,TN,meta,tested,10/31/2021
775,TN,meta,tested,https://t.me/Covid19india_Auxiliary_Test_Data/11882
776,TN,meta,vaccinated,10/31/2021
777,TN,total,confirmed,2702623
778,TN,total,deceased,36116
779,TN,total,recovered,2655015
780,TN,total,tested,51159242
781,TN,total,vaccinated1,41279432
782,TN,total,vaccinated2,17619141
783,TR,delta,confirmed,12
784,TR,delta,recovered,2
785,TR,delta,tested,3501
786,TR,delta,vaccinated1,3
787,TR,delta,vaccinated2,650
788,TR,delta21_14,confirmed,49
789,TR,delta7,confirmed,87
790,TR,delta7,recovered,62
791,TR,delta7,tested,22126
792,TR,delta7,vaccinated1,4155
793,TR,delta7,vaccinated2,74642
794,TR,meta,date,10/31/2021
795,TR,meta,last_updated,2021-11-01T09:54:14+05:30
796,TR,meta,notes,"[Aug 4]: Tripura bulletin for the previous day is released on the next day. We will add the cases for Tripura against the date of release, as that is the convention that we are following for other states."
797,TR,meta,population,3992000
798,TR,meta,tested,10/31/2021
799,TR,meta,tested,https://t.me/Covid19india_Auxiliary_Test_Data/11868
800,TR,meta,vaccinated,10/31/2021
801,TR,total,confirmed,84468
802,TR,total,deceased,813
803,TR,total,other,63
804,TR,total,recovered,83466
805,TR,total,tested,1983127
806,TR,total,vaccinated1,2508477
807,TR,total,vaccinated2,1621329
808,TT,delta,confirmed,12907
809,TT,delta,deceased,251
810,TT,delta,other,1
811,TT,delta,recovered,13152
812,TT,delta,tested,881379
813,TT,delta,vaccinated1,750410
814,TT,delta,vaccinated2,933460
815,TT,delta21_14,confirmed,109755
816,TT,delta7,confirmed,96071
817,TT,delta7,deceased,3727
818,TT,delta7,other,37
819,TT,delta7,recovered,101753
820,TT,delta7,tested,8431577
821,TT,delta7,vaccinated1,15883780
822,TT,delta7,vaccinated2,24527530
823,TT,meta,date,10/31/2021
824,TT,meta,last_updated,2021-11-01T11:20:24+05:30
825,TT,meta,population,1332900000
826,TT,meta,tested,10/31/2021
827,TT,meta,tested,https://twitter.com/ICMRDELHI/status/1455013648355577862?s=20
828,TT,meta,vaccinated,10/31/2021
829,TT,meta,vaccinated,https://www.pib.gov.in/PressReleasePage.aspx?PRID=1768299
830,TT,total,confirmed,34285612
831,TT,total,deceased,458470
832,TT,total,other,13197
833,TT,total,recovered,33661339
834,TT,total,tested,609201294
835,TT,total,vaccinated1,732371508
836,TT,total,vaccinated2,330752697
837,UP,delta,confirmed,6
838,UP,delta,recovered,6
839,UP,delta,tested,161458
840,UP,delta,vaccinated1,53401
841,UP,delta,vaccinated2,57556
842,UP,delta21_14,confirmed,74
843,UP,delta7,confirmed,63
844,UP,delta7,deceased,1
845,UP,delta7,recovered,58
846,UP,delta7,tested,1140736
847,UP,delta7,vaccinated1,2266921
848,UP,delta7,vaccinated2,3130828
849,UP,meta,date,10/31/2021
850,UP,meta,last_updated,2021-11-01T09:54:14+05:30
851,UP,meta,notes,"[Jan 1]:As no bulletin was provided for 31'st Dec'20,its count has been combined with 1st Jan'21
[Jan 9]:Due to reconcillation there are 1286 cases."
852,UP,meta,population,224979000
853,UP,meta,tested,10/31/2021
854,UP,meta,tested,https://twitter.com/ShishirGoUP/status/1454716134503055360
855,UP,meta,vaccinated,10/31/2021
856,UP,total,confirmed,1710158
857,UP,total,deceased,22900
858,UP,total,recovered,1687151
859,UP,total,tested,83635222
860,UP,total,vaccinated1,98178865
861,UP,total,vaccinated2,32681895
862,UT,delta,confirmed,5
863,UT,delta,recovered,9
864,UT,delta,tested,9524
865,UT,delta,vaccinated1,1065
866,UT,delta,vaccinated2,12934
867,UT,delta21_14,confirmed,88
868,UT,delta7,confirmed,75
869,UT,delta7,deceased,1
870,UT,delta7,other,12
871,UT,delta7,recovered,74
872,UT,delta7,tested,83377
873,UT,delta7,vaccinated1,25250
874,UT,delta7,vaccinated2,258381
875,UT,meta,date,10/31/2021
876,UT,meta,last_updated,2021-11-01T09:54:14+05:30
877,UT,meta,notes,"[Oct 30]: Metric of capturing the testing data has switched to ""Samples Tested"" from ""Samples Collected""
[Jun 30th'21]:145 confirmed cases and 218 deceased cases added of previous days after reconciliation with district and ICMR portal"
878,UT,meta,population,11141000
879,UT,meta,tested,10/31/2021
880,UT,meta,tested,https://t.me/Covid19india_Auxiliary_Test_Data/11870
881,UT,meta,vaccinated,10/31/2021
882,UT,total,confirmed,343896
883,UT,total,deceased,7400
884,UT,total,other,6150
885,UT,total,recovered,330195
886,UT,total,tested,7781148
887,UT,total,vaccinated1,7478017
888,UT,total,vaccinated2,3898342
889,WB,delta,confirmed,914
890,WB,delta,deceased,15
891,WB,delta,recovered,913
892,WB,delta,tested,47417
893,WB,delta,vaccinated1,209609
894,WB,delta,vaccinated2,58881
895,WB,delta21_14,confirmed,4193
896,WB,delta7,confirmed,6453
897,WB,delta7,deceased,86
898,WB,delta7,recovered,5953
899,WB,delta7,tested,300114
900,WB,delta7,vaccinated1,3809597
901,WB,delta7,vaccinated2,1871612
902,WB,meta,date,10/31/2021
903,WB,meta,last_updated,2021-11-01T09:54:14+05:30
904,WB,meta,population,96906000
905,WB,meta,tested,10/31/2021
906,WB,meta,tested,https://www.wbhealth.gov.in/uploaded_files/corona/WB_DHFW_Bulletin_31ST_OCT_REPORT_FINAL.pdf
907,WB,meta,vaccinated,10/31/2021
908,WB,total,confirmed,1592908
909,WB,total,deceased,19141
910,WB,total,recovered,1565471
911,WB,total,tested,19228303
912,WB,total,vaccinated1,56192166
913,WB,total,vaccinated2,21559747
